{"epoch/loss": 1.649539589881897, "epoch/sparse_categorical_accuracy": 0.4096199870109558, "epoch/val_loss": 1.642880916595459, "epoch/val_sparse_categorical_accuracy": 0.41019999980926514, "epoch/epoch": 4, "epoch/learning_rate": 0.0010000000474974513, "_timestamp": 1674793995.830661, "_runtime": 43.9764461517334, "_step": 4, "_wandb": {"runtime": 43}}