{"epoch/loss": 1.6747750043869019, "epoch/sparse_categorical_accuracy": 0.4007200002670288, "epoch/val_loss": 1.6579152345657349, "epoch/val_sparse_categorical_accuracy": 0.40950000286102295, "epoch/epoch": 4, "epoch/learning_rate": 0.0010000000474974513, "_timestamp": 1674796920.8877966, "_runtime": 28.810394525527954, "_step": 4, "_wandb": {"runtime": 28}}