{"epoch/loss": 1.625455617904663, "epoch/sparse_categorical_accuracy": 0.424019992351532, "epoch/val_loss": 1.6434047222137451, "epoch/val_sparse_categorical_accuracy": 0.4052000045776367, "epoch/epoch": 4, "epoch/learning_rate": 0.0010000000474974513, "_timestamp": 1674799789.7040951, "_runtime": 12.405752182006836, "_step": 4, "_wandb": {"runtime": 12}}