{"epoch/loss": 1.627999186515808, "epoch/sparse_categorical_accuracy": 0.4213399887084961, "epoch/val_loss": 1.6647884845733643, "epoch/val_sparse_categorical_accuracy": 0.40470001101493835, "epoch/epoch": 4, "epoch/learning_rate": 0.0010000000474974513, "_timestamp": 1674789949.4583285, "_runtime": 16.787190437316895, "_step": 4, "_wandb": {"runtime": 16}}